<botcomponent_workflowset>
  <botcomponent_workflow botcomponentid.schemaname="crde9_botGrupo2.topic.Fimdaconversaparte2" workflowid.workflowid="b1ce8581-2482-ee11-8179-0022489bae2a">
    <iscustomizable>1</iscustomizable>
  </botcomponent_workflow>
  <botcomponent_workflow botcomponentid.schemaname="crde9_botGrupo2.topic.PromoesGinasio" workflowid.workflowid="db7dfed1-2882-ee11-8179-0022489bae2a">
    <iscustomizable>1</iscustomizable>
  </botcomponent_workflow>
</botcomponent_workflowset>