<powerbidataset uniquename="new_dataset_e805ba14-f243-4dcf-89a4-d839081379f8">
  <datasetobjectid>8e6a651e-9242-47b1-9c20-c5c86b439b15</datasetobjectid>
  <datasetoriginalobjectid>bcd39458-aa01-4365-9e5a-9f55f20e60fa</datasetoriginalobjectid>
  <dataverseconnectionupdateenabled>0</dataverseconnectionupdateenabled>
  <iscustomizable>1</iscustomizable>
  <name>Análise de Mercado</name>
  <package mimetype="application/zip">package.pbipkg</package>
  <statecode>0</statecode>
  <statuscode>1</statuscode>
</powerbidataset>