{
  "properties": {
    "connectionReferences": {
      "shared_sharepointonline": {
        "runtimeSource": "embedded",
        "connection": {
          "connectionReferenceLogicalName": "crde9_botGrupo2.cr.5ZV94SJW"
        },
        "api": {
          "name": "shared_sharepointonline"
        }
      }
    },
    "definition": {
      "$schema": "https://schema.management.azure.com/providers/Microsoft.Logic/schemas/2016-06-01/workflowdefinition.json#",
      "contentVersion": "1.0.0.0",
      "parameters": {
        "$connections": {
          "defaultValue": {},
          "type": "Object"
        },
        "$authentication": {
          "defaultValue": {},
          "type": "SecureObject"
        }
      },
      "triggers": {
        "manual": {
          "metadata": {
            "operationMetadataId": "78387f6b-2ac2-471f-bc77-4dff11bba057"
          },
          "type": "Request",
          "kind": "VirtualAgent",
          "inputs": {
            "schema": {
              "type": "object",
              "properties": {
                "text": {
                  "title": "Input",
                  "type": "string",
                  "x-ms-dynamically-added": true,
                  "description": "Please enter your input",
                  "x-ms-content-hint": "TEXT"
                }
              },
              "required": [
                "text"
              ]
            }
          }
        }
      },
      "actions": {
        "Buscar_informacao_da_lista_de_promocoes": {
          "runAfter": {},
          "metadata": {
            "operationMetadataId": "8739af97-b38a-4cd4-9929-15665363058b"
          },
          "type": "OpenApiConnection",
          "inputs": {
            "host": {
              "connectionName": "shared_sharepointonline",
              "operationId": "GetItems",
              "apiId": "/providers/Microsoft.PowerApps/apis/shared_sharepointonline"
            },
            "parameters": {
              "dataset": "https://bsdesigner.sharepoint.com/sites/Grupo2",
              "table": "214e21cb-4748-45b4-9ec9-d675cfa506ae",
              "$filter": "Nome_Da_Promocao eq '@{triggerBody()['text']}'",
              "$top": 1
            },
            "authentication": "@parameters('$authentication')"
          }
        },
        "Apply_to_each": {
          "foreach": "@outputs('Buscar_informacao_da_lista_de_promocoes')?['body/value']",
          "actions": {
            "Compose": {
              "runAfter": {},
              "metadata": {
                "operationMetadataId": "aca0c9a3-65fd-4522-a8cd-db81a5238391"
              },
              "type": "Compose",
              "inputs": "@items('Apply_to_each')?['Descricao_Da_Promocao']"
            },
            "Set_variable": {
              "runAfter": {
                "Compose": [
                  "Succeeded"
                ]
              },
              "metadata": {
                "operationMetadataId": "c70516d6-5ce9-4661-8207-ad9a8c4eb03d"
              },
              "type": "SetVariable",
              "inputs": {
                "name": "descricaoPromocao",
                "value": "@{outputs('Compose')}"
              }
            }
          },
          "runAfter": {
            "Initialize_variable": [
              "Succeeded"
            ]
          },
          "metadata": {
            "operationMetadataId": "4f5bb580-b1f6-4472-87a8-5cc365009fe1"
          },
          "type": "Foreach"
        },
        "Initialize_variable": {
          "runAfter": {
            "Buscar_informacao_da_lista_de_promocoes": [
              "Succeeded"
            ]
          },
          "metadata": {
            "operationMetadataId": "939ade60-8c74-4906-8516-e71196c352c0"
          },
          "type": "InitializeVariable",
          "inputs": {
            "variables": [
              {
                "name": "descricaoPromocao",
                "type": "string"
              }
            ]
          }
        },
        "Return_value(s)_to_Power_Virtual_Agents": {
          "runAfter": {
            "Apply_to_each": [
              "Succeeded"
            ]
          },
          "metadata": {
            "operationMetadataId": "44df3b9f-a6bf-45fd-9b06-9f2951269e09"
          },
          "type": "Response",
          "kind": "VirtualAgent",
          "inputs": {
            "statusCode": 200,
            "body": {
              "result": "@variables('descricaoPromocao')"
            },
            "schema": {
              "type": "object",
              "properties": {
                "result": {
                  "title": "result",
                  "x-ms-dynamically-added": true,
                  "type": "string"
                }
              }
            }
          }
        }
      },
      "outputs": {}
    },
    "templateName": "c9cd2c4e691a4646adc8aa592c88489b"
  },
  "schemaVersion": "1.0.0.0"
}